<?xml version='1.0' encoding='utf-8'?>
<scene version="0.4.0">
  
  <!--タイムアウト。240秒-->
  <integer name="timeout" value="240" />
  
  <!--プログレッシブ動作-->
  <boolean name="progressive" value="true" />
  
  <!--スナップショット出力秒数設定-->
  <integer name="snapshotinterval" value="30" />
  
  <!--スナップショット毎にデノイズ-->
  <boolean name="snapshotdenoise" value="false"/>
  
  <!--サブサンプル指定をここに-->
  <SubpixelSampler type="SubpixelSampleIndependent">
    <integer name="spp" value="512"/>
    <integer name="seed" value="123456789"/>
  </SubpixelSampler>
  
  <!--デノイザー指定-->
  <!--<denoiser type="medianfilter"/>-->
  <Denoiser type="NullDenoiser"/>
  <!--<denoiser type="ap"/>-->
  
  <!--インテグレーター-->
  <!--<SurfaceIntegrator type="DebugSurfaceIntegrator">-->
  <!--<SurfaceIntegrator type="AOSurfaceIntegrator">-->
  <SurfaceIntegrator type="PTSurfaceIntegrator">
  <!--<SurfaceIntegrator type="BruteForceIntegrator">-->
  <!--<SurfaceIntegrator type="PMSurfaceIntegrator">-->
  </SurfaceIntegrator>
  
  <Tonemapper type="Degamma">
  </Tonemapper>

  <!--センサー-->
	<Sensor type="Perspective">
		<float name="farClip" value="100"/>
		<float name="focusDistance" value="7"/>
    <float name="fov" value="45.0"/>
    <string name="fovAxis" value="x"/>
		<float name="nearClip" value="0.1"/>
		<transform name="toWorld">
			<lookat target="0, 0.8, 0" origin="0.0, 1.5, 5.0" up="0.0, 1.0, 0.0"/>
		</transform>

    <film type="hdrfilm">
      <integer name="pixelWidth" value="1920"/>
      <integer name="pixelHeight" value="1080"/>
      <float name="filmWidthMM" value="90"/>
      <float name="filmHeightMM" value="60"/>
    </film>
  </Sensor>

  <!--ライト設定-->
  <!--<Light type="ConstantLight">
  </Light>-->
  
  <!--<Light type="RectangleLight">
    <float3 name="center" x="0.0" y="0.2" z="0.0"/>
    <float3 name="axisx" x="0.2" y="0.0" z="0.0"/>
    <float3 name="axisy" x="0.0" y="0.0" z="0.2"/>
    <rgb name="radiance" value="1.0 1.0 1.0"/>
  </Light>-->
  
  <Light type="SphereLight">
    <float3 name="center" x="-1.8" y="1.6" z="-1.3"/>
    <float name="radius" value="0.03"/>
    <rgb name="radiance" value="30.0 4.0 4.0"/>
  </Light>
  
  <Light type="SphereLight">
    <float3 name="center" x="-0.9" y="1.6" z="-1.3"/>
    <float name="radius" value="0.07"/>
    <rgb name="radiance" value="15.0 4.0 30.0"/>
  </Light>
  
  <Light type="SphereLight">
    <float3 name="center" x="0.0" y="1.6" z="-1.3"/>
    <float name="radius" value="0.12"/>
    <rgb name="radiance" value="4.0 27.0 30.0"/>
  </Light>
  
  <Light type="SphereLight">
    <float3 name="center" x="+0.9" y="1.6" z="-1.3"/>
    <float name="radius" value="0.16"/>
    <rgb name="radiance" value="4.0 30.0 8.0"/>
  </Light>
  
  <Light type="SphereLight">
    <float3 name="center" x="+1.8" y="1.6" z="-1.3"/>
    <float name="radius" value="0.24"/>
    <rgb name="radiance" value="30.0 25.0 3.0"/>
  </Light>
  
  <!--マテリアル設定-->
  <BSDF type="Lambertian" id="matWhite">
    <rgb name="reflectance" value="1.0 1.0 1.0"/>
  </BSDF>
  
  <BSDF type="MicrofacetBSDF" id="metal0">
    <float name="roughness" value="100000.0"/>
  </BSDF>
  
  <BSDF type="MicrofacetBSDF" id="metal1">
    <float name="roughness" value="1000.0"/>
  </BSDF>
  
  <BSDF type="MicrofacetBSDF" id="metal2">
    <float name="roughness" value="200.0"/>
  </BSDF>
  
  <BSDF type="MicrofacetBSDF" id="metal3">
    <float name="roughness" value="80.0"/>
  </BSDF>
  
  <BSDF type="Mirror" id="mirror">
    <rgb name="reflectance" value="1.0 1.0 1.0"/>
  </BSDF>

  <!--球1-->
  <!--<Shape type="Sphere">
    --><!--TODO: 移動変形はtransformで扱った方が綺麗かもしれない--><!--
    <Point name="center" x="0.0" y="0.3" z="0"/>
    <Point name="radius" value="0.3"/>
    --><!--<ref name="bsdf" value="glass"/>--><!--
    <ref name="bsdf" value="matWhite"/>
  </Shape>-->
  
  <!--地面と床-->
  <Shape type="PlaneShape">
    <transform name="toWorld">
      <translate x = "0.0" y = "0.0" z = "0.0"/>
    </transform>
    <ref name="bsdf" value="matWhite"/>
  </Shape>
  
  <!--<Shape type="PlaneShape">
    <transform name="toWorld">
      <rotate x = "+1.0" y = "0.0" z = "0.0" angle = "+90" />
      <translate x = "0.0" y = "+3.0" z = "0.0"/>
    </transform>
    <ref name="bsdf" value="matWhite"/>
  </Shape>-->
  
  <!--MIS板0-->
  <Shape type="RectangleShape">
    <transform name="toWorld">
      <scale x = "2.0" y = "0.23" z = "2.0"/>
      <rotate x = "1.0" y = "0.0" z = "0.0" angle = "90" />
      <translate x = "-0.0" y = "-2.0" z = "-0.0"/>
      <rotate x = "1.0" y = "0.0" z = "0.0" angle = "-60" />
      <translate x = "-0.0" y = "+2.0" z = "-0.0"/>
    </transform>
    <ref name="bsdf" value="metal0"/>
  </Shape>
  
  <!--MIS板1-->
  <Shape type="RectangleShape">
    <transform name="toWorld">
      <scale x = "2.0" y = "0.23" z = "2.0"/>
      <rotate x = "1.0" y = "0.0" z = "0.0" angle = "90" />
      <translate x = "-0.0" y = "-2.0" z = "-0.0"/>
      <rotate x = "1.0" y = "0.0" z = "0.0" angle = "-45" />
      <translate x = "-0.0" y = "+2.0" z = "-0.0"/>
    </transform>
    <ref name="bsdf" value="metal1"/>
  </Shape>
  
  <!--MIS板2-->
  <Shape type="RectangleShape">
    <transform name="toWorld">
      <scale x = "2.0" y = "0.23" z = "2.0"/>
      <rotate x = "1.0" y = "0.0" z = "0.0" angle = "90" />
      <translate x = "-0.0" y = "-2.0" z = "-0.0"/>
      <rotate x = "1.0" y = "0.0" z = "0.0" angle = "-30" />
      <translate x = "-0.0" y = "+2.0" z = "-0.0"/>
      <rotate x = "1.0" y = "0.0" z = "0.0" angle = "-1.9" />
    </transform>
    <ref name="bsdf" value="metal2"/>
  </Shape>
  
  <!--MIS板3-->
  <Shape type="RectangleShape">
    <transform name="toWorld">
      <scale x = "2.0" y = "0.26" z = "2.0"/>
      <rotate x = "1.0" y = "0.0" z = "0.0" angle = "90" />
      <translate x = "-0.0" y = "-2.0" z = "-0.0"/>
      <rotate x = "1.0" y = "0.0" z = "0.0" angle = "-15" />
      <translate x = "-0.0" y = "+2.0" z = "+0.0"/>
      <rotate x = "1.0" y = "0.0" z = "0.0" angle = "-1.5" />
    </transform>
    <ref name="bsdf" value="metal3"/>
  </Shape>
  
</scene>
