<?xml version='1.0' encoding='utf-8'?>
<scene version="0.4.0">
  
  <!--タイムアウト。123秒-->
  <integer name="timeout" value="118" />
  
  <!--プログレッシブ動作-->
  <boolean name="progressive" value="true" />
  
  <!--スナップショット出力秒数設定-->
  <integer name="snapshotinterval" value="15" />
  
  <!--スナップショット毎にデノイズ-->
  <boolean name="snapshotdenoise" value="false"/>
  
  <!--一回のインターバルでのspp-->
  <integer name="sppinterval" value="16" />
  
  <!--サブサンプル指定をここに-->
  <Sampler type="SamplerIndepent">
  </Sampler>
  
  <!--デノイザー指定-->
  <!--<denoiser type="medianfilter"/>-->
  <Denoiser type="NullDenoiser"/>
  <!--<denoiser type="ap"/>-->
  
  <!--インテグレーター-->
  <!--<LTEIntegrator type="DebugSurfaceIntegrator">-->
  <!--<LTEIntegrator type="AOSurfaceIntegrator">-->
  <LTEIntegrator type="PTSurfaceIntegrator">
  <!--<LTEIntegrator type="BruteForceIntegrator">-->
  <!--<LTEIntegrator type="PMSurfaceIntegrator">-->
  </LTEIntegrator>
  
  <Tonemapper type="Degamma">
  </Tonemapper>

  <!--センサー-->
	<Sensor type="Perspective">
		<float name="farClip" value="100"/>
		<float name="focusDistance" value="7"/>
    <float name="fov" value="60.0"/>
    <string name="fovAxis" value="x"/>
		<float name="nearClip" value="0.1"/>
		<transform name="toWorld">
			<lookat target="0, 0.0, -1.5" origin="8.0, 8.0, 6.0" up="0.0, 0.0, 1.0"/>
		</transform>

    <film type="hdrfilm">
      <integer name="pixelWidth" value="1920"/>
      <integer name="pixelHeight" value="1080"/>
      <float name="filmWidthMM" value="90"/>
      <float name="filmHeightMM" value="60"/>
    </film>
  </Sensor>

  <!--ライト設定-->
  
  
  <!--マテリアル設定-->
  <BSDF type="Lambertian" id="matWhite">
    <rgb name="reflectance" value="1.0 1.0 1.0"/>
  </BSDF>
  
  <BSDF type="MicrofacetBSDF" id="metal0">
    <float name="roughness" value="100000.0"/>
  </BSDF>
  
  <BSDF type="MicrofacetBSDF" id="metal1">
    <float name="roughness" value="1000.0"/>
  </BSDF>
  
  <BSDF type="MicrofacetBSDF" id="metal2">
    <float name="roughness" value="200.0"/>
  </BSDF>
  
  <BSDF type="MicrofacetBSDF" id="metal3">
    <float name="roughness" value="80.0"/>
  </BSDF>
  
  <BSDF type="Mirror" id="mirror">
    <rgb name="reflectance" value="1.0 1.0 1.0"/>
  </BSDF>

  <!--床-->
  <Shape type="RectangleShape">
    <transform name="toWorld">
      <translate x = "-0.0" y = "0.0" z = "0.0"/>
      <scale x = "20.0" y = "20.0" z = "1.0"/>
    </transform>
    <ref name="bsdf" value="metal3"/>
  </Shape>
  
  <!--ボール-->

  <Light type = "SphereLight">
    <float3 name = "center" x ="-3.500000" y="-3.500000" z="0.0"/>
    <float name = "radius" value = "0.45"/>
    <rgb name = "radiance" value="0.68 1.27 0.18"/>
  </Light>

  <Light type = "SphereLight">
    <float3 name = "center" x ="-1.500000" y="-3.500000" z="0.0"/>
    <float name = "radius" value = "0.45"/>
    <rgb name = "radiance" value="0.18 1.27 0.29"/>
  </Light>

  <Light type = "SphereLight">
    <float3 name = "center" x ="0.500000" y="-3.500000" z="0.0"/>
    <float name = "radius" value = "0.45"/>
    <rgb name = "radiance" value="0.18 1.27 0.72"/>
  </Light>

  <Light type = "SphereLight">
    <float3 name = "center" x ="2.500000" y="-3.500000" z="0.0"/>
    <float name = "radius" value = "0.45"/>
    <rgb name = "radiance" value="1.27 0.87 0.18"/>
  </Light>

  <Light type = "SphereLight">
    <float3 name = "center" x ="-2.500000" y="-2.500000" z="0.0"/>
    <float name = "radius" value = "0.45"/>
    <rgb name = "radiance" value="0.48 1.27 0.18"/>
  </Light>

  <Light type = "SphereLight">
    <float3 name = "center" x ="-0.500000" y="-2.500000" z="0.0"/>
    <float name = "radius" value = "0.45"/>
    <rgb name = "radiance" value="0.18 1.27 0.64"/>
  </Light>

  <Light type = "SphereLight">
    <float3 name = "center" x ="1.500000" y="-2.500000" z="0.0"/>
    <float name = "radius" value = "0.45"/>
    <rgb name = "radiance" value="0.18 0.32 1.27"/>
  </Light>

  <Light type = "SphereLight">
    <float3 name = "center" x ="3.500000" y="-2.500000" z="0.0"/>
    <float name = "radius" value = "0.45"/>
    <rgb name = "radiance" value="0.43 1.27 0.18"/>
  </Light>

  <Light type = "SphereLight">
    <float3 name = "center" x ="-3.500000" y="-1.500000" z="0.0"/>
    <float name = "radius" value = "0.45"/>
    <rgb name = "radiance" value="0.18 0.45 1.27"/>
  </Light>

  <Light type = "SphereLight">
    <float3 name = "center" x ="-1.500000" y="-1.500000" z="0.0"/>
    <float name = "radius" value = "0.45"/>
    <rgb name = "radiance" value="0.18 0.27 1.27"/>
  </Light>

  <Light type = "SphereLight">
    <float3 name = "center" x ="0.500000" y="-1.500000" z="0.0"/>
    <float name = "radius" value = "0.45"/>
    <rgb name = "radiance" value="0.18 0.75 1.27"/>
  </Light>

  <Light type = "SphereLight">
    <float3 name = "center" x ="2.500000" y="-1.500000" z="0.0"/>
    <float name = "radius" value = "0.45"/>
    <rgb name = "radiance" value="0.18 1.27 0.44"/>
  </Light>

  <Light type = "SphereLight">
    <float3 name = "center" x ="-2.500000" y="-0.500000" z="0.0"/>
    <float name = "radius" value = "0.45"/>
    <rgb name = "radiance" value="1.27 0.18 1.09"/>
  </Light>

  <Light type = "SphereLight">
    <float3 name = "center" x ="-0.500000" y="-0.500000" z="0.0"/>
    <float name = "radius" value = "0.45"/>
    <rgb name = "radiance" value="0.52 0.18 1.27"/>
  </Light>

  <Light type = "SphereLight">
    <float3 name = "center" x ="1.500000" y="-0.500000" z="0.0"/>
    <float name = "radius" value = "0.45"/>
    <rgb name = "radiance" value="0.18 0.91 1.27"/>
  </Light>

  <Light type = "SphereLight">
    <float3 name = "center" x ="3.500000" y="-0.500000" z="0.0"/>
    <float name = "radius" value = "0.45"/>
    <rgb name = "radiance" value="1.06 1.27 0.18"/>
  </Light>

  <Light type = "SphereLight">
    <float3 name = "center" x ="-3.500000" y="0.500000" z="0.0"/>
    <float name = "radius" value = "0.45"/>
    <rgb name = "radiance" value="1.21 1.27 0.18"/>
  </Light>

  <Light type = "SphereLight">
    <float3 name = "center" x ="-1.500000" y="0.500000" z="0.0"/>
    <float name = "radius" value = "0.45"/>
    <rgb name = "radiance" value="1.27 0.18 0.63"/>
  </Light>

  <Light type = "SphereLight">
    <float3 name = "center" x ="0.500000" y="0.500000" z="0.0"/>
    <float name = "radius" value = "0.45"/>
    <rgb name = "radiance" value="0.91 1.27 0.18"/>
  </Light>

  <Light type = "SphereLight">
    <float3 name = "center" x ="2.500000" y="0.500000" z="0.0"/>
    <float name = "radius" value = "0.45"/>
    <rgb name = "radiance" value="1.27 0.84 0.18"/>
  </Light>

  <Light type = "SphereLight">
    <float3 name = "center" x ="-2.500000" y="1.500000" z="0.0"/>
    <float name = "radius" value = "0.45"/>
    <rgb name = "radiance" value="0.18 0.73 1.27"/>
  </Light>

  <Light type = "SphereLight">
    <float3 name = "center" x ="-0.500000" y="1.500000" z="0.0"/>
    <float name = "radius" value = "0.45"/>
    <rgb name = "radiance" value="0.95 0.18 1.27"/>
  </Light>

  <Light type = "SphereLight">
    <float3 name = "center" x ="1.500000" y="1.500000" z="0.0"/>
    <float name = "radius" value = "0.45"/>
    <rgb name = "radiance" value="1.27 0.18 0.32"/>
  </Light>

  <Light type = "SphereLight">
    <float3 name = "center" x ="3.500000" y="1.500000" z="0.0"/>
    <float name = "radius" value = "0.45"/>
    <rgb name = "radiance" value="1.27 0.41 0.18"/>
  </Light>

  <Light type = "SphereLight">
    <float3 name = "center" x ="-3.500000" y="2.500000" z="0.0"/>
    <float name = "radius" value = "0.45"/>
    <rgb name = "radiance" value="1.27 0.26 0.18"/>
  </Light>

  <Light type = "SphereLight">
    <float3 name = "center" x ="-1.500000" y="2.500000" z="0.0"/>
    <float name = "radius" value = "0.45"/>
    <rgb name = "radiance" value="0.18 1.27 0.92"/>
  </Light>

  <Light type = "SphereLight">
    <float3 name = "center" x ="0.500000" y="2.500000" z="0.0"/>
    <float name = "radius" value = "0.45"/>
    <rgb name = "radiance" value="0.18 0.73 1.27"/>
  </Light>

  <Light type = "SphereLight">
    <float3 name = "center" x ="2.500000" y="2.500000" z="0.0"/>
    <float name = "radius" value = "0.45"/>
    <rgb name = "radiance" value="1.27 0.18 0.81"/>
  </Light>

  <Light type = "SphereLight">
    <float3 name = "center" x ="-2.500000" y="3.500000" z="0.0"/>
    <float name = "radius" value = "0.45"/>
    <rgb name = "radiance" value="0.49 0.18 1.27"/>
  </Light>

  <Light type = "SphereLight">
    <float3 name = "center" x ="-0.500000" y="3.500000" z="0.0"/>
    <float name = "radius" value = "0.45"/>
    <rgb name = "radiance" value="1.27 0.21 0.18"/>
  </Light>

  <Light type = "SphereLight">
    <float3 name = "center" x ="1.500000" y="3.500000" z="0.0"/>
    <float name = "radius" value = "0.45"/>
    <rgb name = "radiance" value="1.27 0.57 0.18"/>
  </Light>

  <Light type = "SphereLight">
    <float3 name = "center" x ="3.500000" y="3.500000" z="0.0"/>
    <float name = "radius" value = "0.45"/>
    <rgb name = "radiance" value="1.27 1.20 0.18"/>
  </Light>

  <Shape type = "Sphere">
    <Point name = "center" x = "-2.500000" y = "-3.500000" z = "-0.0" />
    <Point name = "radius" value = "0.45" />
    <ref name = "bsdf" value = "matWhite" />
  </Shape>

  <Shape type = "Sphere">
    <Point name = "center" x = "-0.500000" y = "-3.500000" z = "-0.0" />
    <Point name = "radius" value = "0.45" />
    <ref name = "bsdf" value = "matWhite" />
  </Shape>

  <Shape type = "Sphere">
    <Point name = "center" x = "1.500000" y = "-3.500000" z = "-0.0" />
    <Point name = "radius" value = "0.45" />
    <ref name = "bsdf" value = "matWhite" />
  </Shape>

  <Shape type = "Sphere">
    <Point name = "center" x = "3.500000" y = "-3.500000" z = "-0.0" />
    <Point name = "radius" value = "0.45" />
    <ref name = "bsdf" value = "matWhite" />
  </Shape>

  <Shape type = "Sphere">
    <Point name = "center" x = "-3.500000" y = "-2.500000" z = "-0.0" />
    <Point name = "radius" value = "0.45" />
    <ref name = "bsdf" value = "matWhite" />
  </Shape>

  <Shape type = "Sphere">
    <Point name = "center" x = "-1.500000" y = "-2.500000" z = "-0.0" />
    <Point name = "radius" value = "0.45" />
    <ref name = "bsdf" value = "matWhite" />
  </Shape>

  <Shape type = "Sphere">
    <Point name = "center" x = "0.500000" y = "-2.500000" z = "-0.0" />
    <Point name = "radius" value = "0.45" />
    <ref name = "bsdf" value = "matWhite" />
  </Shape>

  <Shape type = "Sphere">
    <Point name = "center" x = "2.500000" y = "-2.500000" z = "-0.0" />
    <Point name = "radius" value = "0.45" />
    <ref name = "bsdf" value = "matWhite" />
  </Shape>

  <Shape type = "Sphere">
    <Point name = "center" x = "-2.500000" y = "-1.500000" z = "-0.0" />
    <Point name = "radius" value = "0.45" />
    <ref name = "bsdf" value = "matWhite" />
  </Shape>

  <Shape type = "Sphere">
    <Point name = "center" x = "-0.500000" y = "-1.500000" z = "-0.0" />
    <Point name = "radius" value = "0.45" />
    <ref name = "bsdf" value = "matWhite" />
  </Shape>

  <Shape type = "Sphere">
    <Point name = "center" x = "1.500000" y = "-1.500000" z = "-0.0" />
    <Point name = "radius" value = "0.45" />
    <ref name = "bsdf" value = "matWhite" />
  </Shape>

  <Shape type = "Sphere">
    <Point name = "center" x = "3.500000" y = "-1.500000" z = "-0.0" />
    <Point name = "radius" value = "0.45" />
    <ref name = "bsdf" value = "matWhite" />
  </Shape>

  <Shape type = "Sphere">
    <Point name = "center" x = "-3.500000" y = "-0.500000" z = "-0.0" />
    <Point name = "radius" value = "0.45" />
    <ref name = "bsdf" value = "matWhite" />
  </Shape>

  <Shape type = "Sphere">
    <Point name = "center" x = "-1.500000" y = "-0.500000" z = "-0.0" />
    <Point name = "radius" value = "0.45" />
    <ref name = "bsdf" value = "matWhite" />
  </Shape>

  <Shape type = "Sphere">
    <Point name = "center" x = "0.500000" y = "-0.500000" z = "-0.0" />
    <Point name = "radius" value = "0.45" />
    <ref name = "bsdf" value = "matWhite" />
  </Shape>

  <Shape type = "Sphere">
    <Point name = "center" x = "2.500000" y = "-0.500000" z = "-0.0" />
    <Point name = "radius" value = "0.45" />
    <ref name = "bsdf" value = "matWhite" />
  </Shape>

  <Shape type = "Sphere">
    <Point name = "center" x = "-2.500000" y = "0.500000" z = "-0.0" />
    <Point name = "radius" value = "0.45" />
    <ref name = "bsdf" value = "matWhite" />
  </Shape>

  <Shape type = "Sphere">
    <Point name = "center" x = "-0.500000" y = "0.500000" z = "-0.0" />
    <Point name = "radius" value = "0.45" />
    <ref name = "bsdf" value = "matWhite" />
  </Shape>

  <Shape type = "Sphere">
    <Point name = "center" x = "1.500000" y = "0.500000" z = "-0.0" />
    <Point name = "radius" value = "0.45" />
    <ref name = "bsdf" value = "matWhite" />
  </Shape>

  <Shape type = "Sphere">
    <Point name = "center" x = "3.500000" y = "0.500000" z = "-0.0" />
    <Point name = "radius" value = "0.45" />
    <ref name = "bsdf" value = "matWhite" />
  </Shape>

  <Shape type = "Sphere">
    <Point name = "center" x = "-3.500000" y = "1.500000" z = "-0.0" />
    <Point name = "radius" value = "0.45" />
    <ref name = "bsdf" value = "matWhite" />
  </Shape>

  <Shape type = "Sphere">
    <Point name = "center" x = "-1.500000" y = "1.500000" z = "-0.0" />
    <Point name = "radius" value = "0.45" />
    <ref name = "bsdf" value = "matWhite" />
  </Shape>

  <Shape type = "Sphere">
    <Point name = "center" x = "0.500000" y = "1.500000" z = "-0.0" />
    <Point name = "radius" value = "0.45" />
    <ref name = "bsdf" value = "matWhite" />
  </Shape>

  <Shape type = "Sphere">
    <Point name = "center" x = "2.500000" y = "1.500000" z = "-0.0" />
    <Point name = "radius" value = "0.45" />
    <ref name = "bsdf" value = "matWhite" />
  </Shape>

  <Shape type = "Sphere">
    <Point name = "center" x = "-2.500000" y = "2.500000" z = "-0.0" />
    <Point name = "radius" value = "0.45" />
    <ref name = "bsdf" value = "matWhite" />
  </Shape>

  <Shape type = "Sphere">
    <Point name = "center" x = "-0.500000" y = "2.500000" z = "-0.0" />
    <Point name = "radius" value = "0.45" />
    <ref name = "bsdf" value = "matWhite" />
  </Shape>

  <Shape type = "Sphere">
    <Point name = "center" x = "1.500000" y = "2.500000" z = "-0.0" />
    <Point name = "radius" value = "0.45" />
    <ref name = "bsdf" value = "matWhite" />
  </Shape>

  <Shape type = "Sphere">
    <Point name = "center" x = "3.500000" y = "2.500000" z = "-0.0" />
    <Point name = "radius" value = "0.45" />
    <ref name = "bsdf" value = "matWhite" />
  </Shape>

  <Shape type = "Sphere">
    <Point name = "center" x = "-3.500000" y = "3.500000" z = "-0.0" />
    <Point name = "radius" value = "0.45" />
    <ref name = "bsdf" value = "matWhite" />
  </Shape>

  <Shape type = "Sphere">
    <Point name = "center" x = "-1.500000" y = "3.500000" z = "-0.0" />
    <Point name = "radius" value = "0.45" />
    <ref name = "bsdf" value = "matWhite" />
  </Shape>

  <Shape type = "Sphere">
    <Point name = "center" x = "0.500000" y = "3.500000" z = "-0.0" />
    <Point name = "radius" value = "0.45" />
    <ref name = "bsdf" value = "matWhite" />
  </Shape>

  <Shape type = "Sphere">
    <Point name = "center" x = "2.500000" y = "3.500000" z = "-0.0" />
    <Point name = "radius" value = "0.45" />
    <ref name = "bsdf" value = "matWhite" />
  </Shape>


</scene>
