<?xml version='1.0' encoding='utf-8'?>
<scene version="0.4.0">
  
  <!--タイムアウト。123秒-->
  <integer name="timeout" value="118" />
  
  <!--プログレッシブ動作-->
  <boolean name="progressive" value="true" />
  
  <!--スナップショット出力秒数設定-->
  <integer name="snapshotinterval" value="15" />
  
  <!--スナップショット毎にデノイズ-->
  <boolean name="snapshotdenoise" value="false"/>
  
  <!--一回のインターバルでのspp-->
  <integer name="sppinterval" value="16" />
  
  <!--サブサンプル指定をここに-->
  <Sampler type="SamplerIndepent">
  </Sampler>
  
  <!--デノイザー指定-->
  <!--<denoiser type="medianfilter"/>-->
  <Denoiser type="NullDenoiser"/>
  <!--<denoiser type="ap"/>-->
  
  <!--インテグレーター-->
  <!--<LTEIntegrator type="DebugSurfaceIntegrator">-->
  <!--<LTEIntegrator type="AOSurfaceIntegrator">-->
  <LTEIntegrator type="PTSurfaceIntegrator">
  <!--<LTEIntegrator type="BruteForceIntegrator">-->
  <!--<LTEIntegrator type="PMSurfaceIntegrator">-->
  </LTEIntegrator>
  
  <Tonemapper type="Degamma">
  </Tonemapper>

  <!--センサー-->
	<Sensor type="Perspective">
		<float name="farClip" value="100"/>
		<float name="focusDistance" value="7"/>
    <float name="fov" value="60.0"/>
    <string name="fovAxis" value="x"/>
		<float name="nearClip" value="0.1"/>
		<transform name="toWorld">
			<lookat target="0, 0.0, -1.5" origin="16.0, 12.0, 6.0" up="0.0, 0.0, 1.0"/>
		</transform>

    <film type="hdrfilm">
      <integer name="pixelWidth" value="1920"/>
      <integer name="pixelHeight" value="1080"/>
      <float name="filmWidthMM" value="90"/>
      <float name="filmHeightMM" value="60"/>
    </film>
  </Sensor>

  <!--ライト設定-->
  
  
  <!--マテリアル設定-->
  <BSDF type="Lambertian" id="matWhite">
    <rgb name="reflectance" value="1.0 1.0 1.0"/>
  </BSDF>
  
  <BSDF type="MicrofacetBSDF" id="metal0">
    <float name="roughness" value="100000.0"/>
  </BSDF>
  
  <BSDF type="MicrofacetBSDF" id="metal1">
    <float name="roughness" value="1000.0"/>
  </BSDF>
  
  <BSDF type="MicrofacetBSDF" id="metal2">
    <float name="roughness" value="200.0"/>
  </BSDF>
  
  <BSDF type="MicrofacetBSDF" id="metal3">
    <float name="roughness" value="80.0"/>
  </BSDF>
  
  <BSDF type="Mirror" id="mirror">
    <rgb name="reflectance" value="1.0 1.0 1.0"/>
  </BSDF>

  <!--床-->
  <Shape type="RectangleShape">
    <transform name="toWorld">
      <translate x = "-0.0" y = "0.0" z = "0.0"/>
      <scale x = "50.0" y = "50.0" z = "1.0"/>
    </transform>
    <ref name="bsdf" value="metal3"/>
  </Shape>
  
  <!--ボール-->
  <Light type = "SphereLight">
    <float3 name = "center" x ="-6.500000" y="-6.500000" z="0.0"/>
    <float name = "radius" value = "0.2"/>
    <rgb name = "radiance" value="6.80 12.70 1.80"/>
  </Light>

  <Light type = "SphereLight">
    <float3 name = "center" x ="-4.500000" y="-6.500000" z="0.0"/>
    <float name = "radius" value = "0.2"/>
    <rgb name = "radiance" value="1.80 12.70 2.90"/>
  </Light>

  <Light type = "SphereLight">
    <float3 name = "center" x ="-2.500000" y="-6.500000" z="0.0"/>
    <float name = "radius" value = "0.2"/>
    <rgb name = "radiance" value="1.80 12.70 7.20"/>
  </Light>

  <Light type = "SphereLight">
    <float3 name = "center" x ="-0.500000" y="-6.500000" z="0.0"/>
    <float name = "radius" value = "0.2"/>
    <rgb name = "radiance" value="12.70 8.70 1.80"/>
  </Light>

  <Light type = "SphereLight">
    <float3 name = "center" x ="1.500000" y="-6.500000" z="0.0"/>
    <float name = "radius" value = "0.2"/>
    <rgb name = "radiance" value="4.80 12.70 1.80"/>
  </Light>

  <Light type = "SphereLight">
    <float3 name = "center" x ="3.500000" y="-6.500000" z="0.0"/>
    <float name = "radius" value = "0.2"/>
    <rgb name = "radiance" value="1.80 12.70 6.40"/>
  </Light>

  <Light type = "SphereLight">
    <float3 name = "center" x ="5.500000" y="-6.500000" z="0.0"/>
    <float name = "radius" value = "0.2"/>
    <rgb name = "radiance" value="1.80 3.20 12.70"/>
  </Light>

  <Light type = "SphereLight">
    <float3 name = "center" x ="-5.500000" y="-5.500000" z="0.0"/>
    <float name = "radius" value = "0.2"/>
    <rgb name = "radiance" value="4.30 12.70 1.80"/>
  </Light>

  <Light type = "SphereLight">
    <float3 name = "center" x ="-3.500000" y="-5.500000" z="0.0"/>
    <float name = "radius" value = "0.2"/>
    <rgb name = "radiance" value="1.80 4.50 12.70"/>
  </Light>

  <Light type = "SphereLight">
    <float3 name = "center" x ="-1.500000" y="-5.500000" z="0.0"/>
    <float name = "radius" value = "0.2"/>
    <rgb name = "radiance" value="1.80 2.70 12.70"/>
  </Light>

  <Light type = "SphereLight">
    <float3 name = "center" x ="0.500000" y="-5.500000" z="0.0"/>
    <float name = "radius" value = "0.2"/>
    <rgb name = "radiance" value="1.80 7.50 12.70"/>
  </Light>

  <Light type = "SphereLight">
    <float3 name = "center" x ="2.500000" y="-5.500000" z="0.0"/>
    <float name = "radius" value = "0.2"/>
    <rgb name = "radiance" value="1.80 12.70 4.40"/>
  </Light>

  <Light type = "SphereLight">
    <float3 name = "center" x ="4.500000" y="-5.500000" z="0.0"/>
    <float name = "radius" value = "0.2"/>
    <rgb name = "radiance" value="12.70 1.80 10.90"/>
  </Light>

  <Light type = "SphereLight">
    <float3 name = "center" x ="6.500000" y="-5.500000" z="0.0"/>
    <float name = "radius" value = "0.2"/>
    <rgb name = "radiance" value="5.20 1.80 12.70"/>
  </Light>

  <Light type = "SphereLight">
    <float3 name = "center" x ="-6.500000" y="-4.500000" z="0.0"/>
    <float name = "radius" value = "0.2"/>
    <rgb name = "radiance" value="1.80 9.10 12.70"/>
  </Light>

  <Light type = "SphereLight">
    <float3 name = "center" x ="-4.500000" y="-4.500000" z="0.0"/>
    <float name = "radius" value = "0.2"/>
    <rgb name = "radiance" value="10.60 12.70 1.80"/>
  </Light>

  <Light type = "SphereLight">
    <float3 name = "center" x ="-2.500000" y="-4.500000" z="0.0"/>
    <float name = "radius" value = "0.2"/>
    <rgb name = "radiance" value="12.10 12.70 1.80"/>
  </Light>

  <Light type = "SphereLight">
    <float3 name = "center" x ="-0.500000" y="-4.500000" z="0.0"/>
    <float name = "radius" value = "0.2"/>
    <rgb name = "radiance" value="12.70 1.80 6.30"/>
  </Light>

  <Light type = "SphereLight">
    <float3 name = "center" x ="1.500000" y="-4.500000" z="0.0"/>
    <float name = "radius" value = "0.2"/>
    <rgb name = "radiance" value="9.10 12.70 1.80"/>
  </Light>

  <Light type = "SphereLight">
    <float3 name = "center" x ="3.500000" y="-4.500000" z="0.0"/>
    <float name = "radius" value = "0.2"/>
    <rgb name = "radiance" value="12.70 8.40 1.80"/>
  </Light>

  <Light type = "SphereLight">
    <float3 name = "center" x ="5.500000" y="-4.500000" z="0.0"/>
    <float name = "radius" value = "0.2"/>
    <rgb name = "radiance" value="1.80 7.30 12.70"/>
  </Light>

  <Light type = "SphereLight">
    <float3 name = "center" x ="-5.500000" y="-3.500000" z="0.0"/>
    <float name = "radius" value = "0.2"/>
    <rgb name = "radiance" value="9.50 1.80 12.70"/>
  </Light>

  <Light type = "SphereLight">
    <float3 name = "center" x ="-3.500000" y="-3.500000" z="0.0"/>
    <float name = "radius" value = "0.2"/>
    <rgb name = "radiance" value="12.70 1.80 3.20"/>
  </Light>

  <Light type = "SphereLight">
    <float3 name = "center" x ="-1.500000" y="-3.500000" z="0.0"/>
    <float name = "radius" value = "0.2"/>
    <rgb name = "radiance" value="12.70 4.10 1.80"/>
  </Light>

  <Light type = "SphereLight">
    <float3 name = "center" x ="0.500000" y="-3.500000" z="0.0"/>
    <float name = "radius" value = "0.2"/>
    <rgb name = "radiance" value="12.70 2.60 1.80"/>
  </Light>

  <Light type = "SphereLight">
    <float3 name = "center" x ="2.500000" y="-3.500000" z="0.0"/>
    <float name = "radius" value = "0.2"/>
    <rgb name = "radiance" value="1.80 12.70 9.20"/>
  </Light>

  <Light type = "SphereLight">
    <float3 name = "center" x ="4.500000" y="-3.500000" z="0.0"/>
    <float name = "radius" value = "0.2"/>
    <rgb name = "radiance" value="1.80 7.30 12.70"/>
  </Light>

  <Light type = "SphereLight">
    <float3 name = "center" x ="6.500000" y="-3.500000" z="0.0"/>
    <float name = "radius" value = "0.2"/>
    <rgb name = "radiance" value="12.70 1.80 8.10"/>
  </Light>

  <Light type = "SphereLight">
    <float3 name = "center" x ="-6.500000" y="-2.500000" z="0.0"/>
    <float name = "radius" value = "0.2"/>
    <rgb name = "radiance" value="4.90 1.80 12.70"/>
  </Light>

  <Light type = "SphereLight">
    <float3 name = "center" x ="-4.500000" y="-2.500000" z="0.0"/>
    <float name = "radius" value = "0.2"/>
    <rgb name = "radiance" value="12.70 2.10 1.80"/>
  </Light>

  <Light type = "SphereLight">
    <float3 name = "center" x ="-2.500000" y="-2.500000" z="0.0"/>
    <float name = "radius" value = "0.2"/>
    <rgb name = "radiance" value="12.70 5.70 1.80"/>
  </Light>

  <Light type = "SphereLight">
    <float3 name = "center" x ="-0.500000" y="-2.500000" z="0.0"/>
    <float name = "radius" value = "0.2"/>
    <rgb name = "radiance" value="12.70 12.00 1.80"/>
  </Light>

  <Light type = "SphereLight">
    <float3 name = "center" x ="1.500000" y="-2.500000" z="0.0"/>
    <float name = "radius" value = "0.2"/>
    <rgb name = "radiance" value="12.70 1.80 10.40"/>
  </Light>

  <Light type = "SphereLight">
    <float3 name = "center" x ="3.500000" y="-2.500000" z="0.0"/>
    <float name = "radius" value = "0.2"/>
    <rgb name = "radiance" value="12.30 1.80 12.70"/>
  </Light>

  <Light type = "SphereLight">
    <float3 name = "center" x ="5.500000" y="-2.500000" z="0.0"/>
    <float name = "radius" value = "0.2"/>
    <rgb name = "radiance" value="12.70 1.80 5.30"/>
  </Light>

  <Light type = "SphereLight">
    <float3 name = "center" x ="-5.500000" y="-1.500000" z="0.0"/>
    <float name = "radius" value = "0.2"/>
    <rgb name = "radiance" value="1.80 11.90 12.70"/>
  </Light>

  <Light type = "SphereLight">
    <float3 name = "center" x ="-3.500000" y="-1.500000" z="0.0"/>
    <float name = "radius" value = "0.2"/>
    <rgb name = "radiance" value="12.70 1.80 9.10"/>
  </Light>

  <Light type = "SphereLight">
    <float3 name = "center" x ="-1.500000" y="-1.500000" z="0.0"/>
    <float name = "radius" value = "0.2"/>
    <rgb name = "radiance" value="7.50 12.70 1.80"/>
  </Light>

  <Light type = "SphereLight">
    <float3 name = "center" x ="0.500000" y="-1.500000" z="0.0"/>
    <float name = "radius" value = "0.2"/>
    <rgb name = "radiance" value="1.80 12.70 12.30"/>
  </Light>

  <Light type = "SphereLight">
    <float3 name = "center" x ="2.500000" y="-1.500000" z="0.0"/>
    <float name = "radius" value = "0.2"/>
    <rgb name = "radiance" value="1.80 4.00 12.70"/>
  </Light>

  <Light type = "SphereLight">
    <float3 name = "center" x ="4.500000" y="-1.500000" z="0.0"/>
    <float name = "radius" value = "0.2"/>
    <rgb name = "radiance" value="1.80 12.70 7.90"/>
  </Light>

  <Light type = "SphereLight">
    <float3 name = "center" x ="6.500000" y="-1.500000" z="0.0"/>
    <float name = "radius" value = "0.2"/>
    <rgb name = "radiance" value="12.70 1.80 11.10"/>
  </Light>

  <Light type = "SphereLight">
    <float3 name = "center" x ="-6.500000" y="-0.500000" z="0.0"/>
    <float name = "radius" value = "0.2"/>
    <rgb name = "radiance" value="12.70 7.40 1.80"/>
  </Light>

  <Light type = "SphereLight">
    <float3 name = "center" x ="-4.500000" y="-0.500000" z="0.0"/>
    <float name = "radius" value = "0.2"/>
    <rgb name = "radiance" value="1.80 5.50 12.70"/>
  </Light>

  <Light type = "SphereLight">
    <float3 name = "center" x ="-2.500000" y="-0.500000" z="0.0"/>
    <float name = "radius" value = "0.2"/>
    <rgb name = "radiance" value="1.80 10.40 12.70"/>
  </Light>

  <Light type = "SphereLight">
    <float3 name = "center" x ="-0.500000" y="-0.500000" z="0.0"/>
    <float name = "radius" value = "0.2"/>
    <rgb name = "radiance" value="12.70 1.80 8.60"/>
  </Light>

  <Light type = "SphereLight">
    <float3 name = "center" x ="1.500000" y="-0.500000" z="0.0"/>
    <float name = "radius" value = "0.2"/>
    <rgb name = "radiance" value="10.40 12.70 1.80"/>
  </Light>

  <Light type = "SphereLight">
    <float3 name = "center" x ="3.500000" y="-0.500000" z="0.0"/>
    <float name = "radius" value = "0.2"/>
    <rgb name = "radiance" value="1.80 8.60 12.70"/>
  </Light>

  <Light type = "SphereLight">
    <float3 name = "center" x ="5.500000" y="-0.500000" z="0.0"/>
    <float name = "radius" value = "0.2"/>
    <rgb name = "radiance" value="12.70 7.40 1.80"/>
  </Light>

  <Light type = "SphereLight">
    <float3 name = "center" x ="-5.500000" y="0.500000" z="0.0"/>
    <float name = "radius" value = "0.2"/>
    <rgb name = "radiance" value="12.70 1.80 8.60"/>
  </Light>

  <Light type = "SphereLight">
    <float3 name = "center" x ="-3.500000" y="0.500000" z="0.0"/>
    <float name = "radius" value = "0.2"/>
    <rgb name = "radiance" value="1.80 2.70 12.70"/>
  </Light>

  <Light type = "SphereLight">
    <float3 name = "center" x ="-1.500000" y="0.500000" z="0.0"/>
    <float name = "radius" value = "0.2"/>
    <rgb name = "radiance" value="2.40 1.80 12.70"/>
  </Light>

  <Light type = "SphereLight">
    <float3 name = "center" x ="0.500000" y="0.500000" z="0.0"/>
    <float name = "radius" value = "0.2"/>
    <rgb name = "radiance" value="1.80 12.70 2.60"/>
  </Light>

  <Light type = "SphereLight">
    <float3 name = "center" x ="2.500000" y="0.500000" z="0.0"/>
    <float name = "radius" value = "0.2"/>
    <rgb name = "radiance" value="9.70 1.80 12.70"/>
  </Light>

  <Light type = "SphereLight">
    <float3 name = "center" x ="4.500000" y="0.500000" z="0.0"/>
    <float name = "radius" value = "0.2"/>
    <rgb name = "radiance" value="1.80 12.70 2.60"/>
  </Light>

  <Light type = "SphereLight">
    <float3 name = "center" x ="6.500000" y="0.500000" z="0.0"/>
    <float name = "radius" value = "0.2"/>
    <rgb name = "radiance" value="1.80 10.10 12.70"/>
  </Light>

  <Light type = "SphereLight">
    <float3 name = "center" x ="-6.500000" y="1.500000" z="0.0"/>
    <float name = "radius" value = "0.2"/>
    <rgb name = "radiance" value="3.20 12.70 1.80"/>
  </Light>

  <Light type = "SphereLight">
    <float3 name = "center" x ="-4.500000" y="1.500000" z="0.0"/>
    <float name = "radius" value = "0.2"/>
    <rgb name = "radiance" value="1.80 12.70 7.20"/>
  </Light>

  <Light type = "SphereLight">
    <float3 name = "center" x ="-2.500000" y="1.500000" z="0.0"/>
    <float name = "radius" value = "0.2"/>
    <rgb name = "radiance" value="12.70 2.40 1.80"/>
  </Light>

  <Light type = "SphereLight">
    <float3 name = "center" x ="-0.500000" y="1.500000" z="0.0"/>
    <float name = "radius" value = "0.2"/>
    <rgb name = "radiance" value="12.70 5.70 1.80"/>
  </Light>

  <Light type = "SphereLight">
    <float3 name = "center" x ="1.500000" y="1.500000" z="0.0"/>
    <float name = "radius" value = "0.2"/>
    <rgb name = "radiance" value="6.90 1.80 12.70"/>
  </Light>

  <Light type = "SphereLight">
    <float3 name = "center" x ="3.500000" y="1.500000" z="0.0"/>
    <float name = "radius" value = "0.2"/>
    <rgb name = "radiance" value="12.70 7.20 1.80"/>
  </Light>

  <Light type = "SphereLight">
    <float3 name = "center" x ="5.500000" y="1.500000" z="0.0"/>
    <float name = "radius" value = "0.2"/>
    <rgb name = "radiance" value="10.60 12.70 1.80"/>
  </Light>

  <Light type = "SphereLight">
    <float3 name = "center" x ="-5.500000" y="2.500000" z="0.0"/>
    <float name = "radius" value = "0.2"/>
    <rgb name = "radiance" value="2.60 1.80 12.70"/>
  </Light>

  <Light type = "SphereLight">
    <float3 name = "center" x ="-3.500000" y="2.500000" z="0.0"/>
    <float name = "radius" value = "0.2"/>
    <rgb name = "radiance" value="1.80 12.70 3.90"/>
  </Light>

  <Light type = "SphereLight">
    <float3 name = "center" x ="-1.500000" y="2.500000" z="0.0"/>
    <float name = "radius" value = "0.2"/>
    <rgb name = "radiance" value="6.20 1.80 12.70"/>
  </Light>

  <Light type = "SphereLight">
    <float3 name = "center" x ="0.500000" y="2.500000" z="0.0"/>
    <float name = "radius" value = "0.2"/>
    <rgb name = "radiance" value="12.70 9.20 1.80"/>
  </Light>

  <Light type = "SphereLight">
    <float3 name = "center" x ="2.500000" y="2.500000" z="0.0"/>
    <float name = "radius" value = "0.2"/>
    <rgb name = "radiance" value="12.70 11.00 1.80"/>
  </Light>

  <Light type = "SphereLight">
    <float3 name = "center" x ="4.500000" y="2.500000" z="0.0"/>
    <float name = "radius" value = "0.2"/>
    <rgb name = "radiance" value="1.80 11.10 12.70"/>
  </Light>

  <Light type = "SphereLight">
    <float3 name = "center" x ="6.500000" y="2.500000" z="0.0"/>
    <float name = "radius" value = "0.2"/>
    <rgb name = "radiance" value="12.70 8.20 1.80"/>
  </Light>

  <Light type = "SphereLight">
    <float3 name = "center" x ="-6.500000" y="3.500000" z="0.0"/>
    <float name = "radius" value = "0.2"/>
    <rgb name = "radiance" value="11.40 12.70 1.80"/>
  </Light>

  <Light type = "SphereLight">
    <float3 name = "center" x ="-4.500000" y="3.500000" z="0.0"/>
    <float name = "radius" value = "0.2"/>
    <rgb name = "radiance" value="12.70 1.80 2.70"/>
  </Light>

  <Light type = "SphereLight">
    <float3 name = "center" x ="-2.500000" y="3.500000" z="0.0"/>
    <float name = "radius" value = "0.2"/>
    <rgb name = "radiance" value="1.80 12.70 11.20"/>
  </Light>

  <Light type = "SphereLight">
    <float3 name = "center" x ="-0.500000" y="3.500000" z="0.0"/>
    <float name = "radius" value = "0.2"/>
    <rgb name = "radiance" value="10.90 12.70 1.80"/>
  </Light>

  <Light type = "SphereLight">
    <float3 name = "center" x ="1.500000" y="3.500000" z="0.0"/>
    <float name = "radius" value = "0.2"/>
    <rgb name = "radiance" value="1.80 7.30 12.70"/>
  </Light>

  <Light type = "SphereLight">
    <float3 name = "center" x ="3.500000" y="3.500000" z="0.0"/>
    <float name = "radius" value = "0.2"/>
    <rgb name = "radiance" value="3.90 1.80 12.70"/>
  </Light>

  <Light type = "SphereLight">
    <float3 name = "center" x ="5.500000" y="3.500000" z="0.0"/>
    <float name = "radius" value = "0.2"/>
    <rgb name = "radiance" value="2.00 12.70 1.80"/>
  </Light>

  <Light type = "SphereLight">
    <float3 name = "center" x ="-5.500000" y="4.500000" z="0.0"/>
    <float name = "radius" value = "0.2"/>
    <rgb name = "radiance" value="12.70 1.80 3.20"/>
  </Light>

  <Light type = "SphereLight">
    <float3 name = "center" x ="-3.500000" y="4.500000" z="0.0"/>
    <float name = "radius" value = "0.2"/>
    <rgb name = "radiance" value="12.70 1.80 8.10"/>
  </Light>

  <Light type = "SphereLight">
    <float3 name = "center" x ="-1.500000" y="4.500000" z="0.0"/>
    <float name = "radius" value = "0.2"/>
    <rgb name = "radiance" value="12.70 1.80 2.70"/>
  </Light>

  <Light type = "SphereLight">
    <float3 name = "center" x ="0.500000" y="4.500000" z="0.0"/>
    <float name = "radius" value = "0.2"/>
    <rgb name = "radiance" value="1.80 5.50 12.70"/>
  </Light>

  <Light type = "SphereLight">
    <float3 name = "center" x ="2.500000" y="4.500000" z="0.0"/>
    <float name = "radius" value = "0.2"/>
    <rgb name = "radiance" value="11.90 12.70 1.80"/>
  </Light>

  <Light type = "SphereLight">
    <float3 name = "center" x ="4.500000" y="4.500000" z="0.0"/>
    <float name = "radius" value = "0.2"/>
    <rgb name = "radiance" value="4.70 1.80 12.70"/>
  </Light>

  <Light type = "SphereLight">
    <float3 name = "center" x ="6.500000" y="4.500000" z="0.0"/>
    <float name = "radius" value = "0.2"/>
    <rgb name = "radiance" value="7.70 1.80 12.70"/>
  </Light>

  <Light type = "SphereLight">
    <float3 name = "center" x ="-6.500000" y="5.500000" z="0.0"/>
    <float name = "radius" value = "0.2"/>
    <rgb name = "radiance" value="1.80 2.00 12.70"/>
  </Light>

  <Light type = "SphereLight">
    <float3 name = "center" x ="-4.500000" y="5.500000" z="0.0"/>
    <float name = "radius" value = "0.2"/>
    <rgb name = "radiance" value="8.80 12.70 1.80"/>
  </Light>

  <Light type = "SphereLight">
    <float3 name = "center" x ="-2.500000" y="5.500000" z="0.0"/>
    <float name = "radius" value = "0.2"/>
    <rgb name = "radiance" value="12.70 3.10 1.80"/>
  </Light>

  <Light type = "SphereLight">
    <float3 name = "center" x ="-0.500000" y="5.500000" z="0.0"/>
    <float name = "radius" value = "0.2"/>
    <rgb name = "radiance" value="1.80 12.70 8.70"/>
  </Light>

  <Light type = "SphereLight">
    <float3 name = "center" x ="1.500000" y="5.500000" z="0.0"/>
    <float name = "radius" value = "0.2"/>
    <rgb name = "radiance" value="10.10 12.70 1.80"/>
  </Light>

  <Light type = "SphereLight">
    <float3 name = "center" x ="3.500000" y="5.500000" z="0.0"/>
    <float name = "radius" value = "0.2"/>
    <rgb name = "radiance" value="12.70 10.00 1.80"/>
  </Light>

  <Light type = "SphereLight">
    <float3 name = "center" x ="5.500000" y="5.500000" z="0.0"/>
    <float name = "radius" value = "0.2"/>
    <rgb name = "radiance" value="1.80 11.40 12.70"/>
  </Light>

  <Light type = "SphereLight">
    <float3 name = "center" x ="-5.500000" y="6.500000" z="0.0"/>
    <float name = "radius" value = "0.2"/>
    <rgb name = "radiance" value="1.80 10.10 12.70"/>
  </Light>

  <Light type = "SphereLight">
    <float3 name = "center" x ="-3.500000" y="6.500000" z="0.0"/>
    <float name = "radius" value = "0.2"/>
    <rgb name = "radiance" value="12.70 1.80 6.30"/>
  </Light>

  <Light type = "SphereLight">
    <float3 name = "center" x ="-1.500000" y="6.500000" z="0.0"/>
    <float name = "radius" value = "0.2"/>
    <rgb name = "radiance" value="1.80 5.00 12.70"/>
  </Light>

  <Light type = "SphereLight">
    <float3 name = "center" x ="0.500000" y="6.500000" z="0.0"/>
    <float name = "radius" value = "0.2"/>
    <rgb name = "radiance" value="1.80 5.80 12.70"/>
  </Light>

  <Light type = "SphereLight">
    <float3 name = "center" x ="2.500000" y="6.500000" z="0.0"/>
    <float name = "radius" value = "0.2"/>
    <rgb name = "radiance" value="4.50 12.70 1.80"/>
  </Light>

  <Light type = "SphereLight">
    <float3 name = "center" x ="4.500000" y="6.500000" z="0.0"/>
    <float name = "radius" value = "0.2"/>
    <rgb name = "radiance" value="11.10 12.70 1.80"/>
  </Light>

  <Light type = "SphereLight">
    <float3 name = "center" x ="6.500000" y="6.500000" z="0.0"/>
    <float name = "radius" value = "0.2"/>
    <rgb name = "radiance" value="1.80 12.70 6.40"/>
  </Light>

  <Shape type = "Sphere">
    <Point name = "center" x = "-5.500000" y = "-6.500000" z = "-0.0" />
    <Point name = "radius" value = "0.45" />
    <ref name = "bsdf" value = "matWhite" />
  </Shape>

  <Shape type = "Sphere">
    <Point name = "center" x = "-3.500000" y = "-6.500000" z = "-0.0" />
    <Point name = "radius" value = "0.45" />
    <ref name = "bsdf" value = "matWhite" />
  </Shape>

  <Shape type = "Sphere">
    <Point name = "center" x = "-1.500000" y = "-6.500000" z = "-0.0" />
    <Point name = "radius" value = "0.45" />
    <ref name = "bsdf" value = "matWhite" />
  </Shape>

  <Shape type = "Sphere">
    <Point name = "center" x = "0.500000" y = "-6.500000" z = "-0.0" />
    <Point name = "radius" value = "0.45" />
    <ref name = "bsdf" value = "matWhite" />
  </Shape>

  <Shape type = "Sphere">
    <Point name = "center" x = "2.500000" y = "-6.500000" z = "-0.0" />
    <Point name = "radius" value = "0.45" />
    <ref name = "bsdf" value = "matWhite" />
  </Shape>

  <Shape type = "Sphere">
    <Point name = "center" x = "4.500000" y = "-6.500000" z = "-0.0" />
    <Point name = "radius" value = "0.45" />
    <ref name = "bsdf" value = "matWhite" />
  </Shape>

  <Shape type = "Sphere">
    <Point name = "center" x = "6.500000" y = "-6.500000" z = "-0.0" />
    <Point name = "radius" value = "0.45" />
    <ref name = "bsdf" value = "matWhite" />
  </Shape>

  <Shape type = "Sphere">
    <Point name = "center" x = "-6.500000" y = "-5.500000" z = "-0.0" />
    <Point name = "radius" value = "0.45" />
    <ref name = "bsdf" value = "matWhite" />
  </Shape>

  <Shape type = "Sphere">
    <Point name = "center" x = "-4.500000" y = "-5.500000" z = "-0.0" />
    <Point name = "radius" value = "0.45" />
    <ref name = "bsdf" value = "matWhite" />
  </Shape>

  <Shape type = "Sphere">
    <Point name = "center" x = "-2.500000" y = "-5.500000" z = "-0.0" />
    <Point name = "radius" value = "0.45" />
    <ref name = "bsdf" value = "matWhite" />
  </Shape>

  <Shape type = "Sphere">
    <Point name = "center" x = "-0.500000" y = "-5.500000" z = "-0.0" />
    <Point name = "radius" value = "0.45" />
    <ref name = "bsdf" value = "matWhite" />
  </Shape>

  <Shape type = "Sphere">
    <Point name = "center" x = "1.500000" y = "-5.500000" z = "-0.0" />
    <Point name = "radius" value = "0.45" />
    <ref name = "bsdf" value = "matWhite" />
  </Shape>

  <Shape type = "Sphere">
    <Point name = "center" x = "3.500000" y = "-5.500000" z = "-0.0" />
    <Point name = "radius" value = "0.45" />
    <ref name = "bsdf" value = "matWhite" />
  </Shape>

  <Shape type = "Sphere">
    <Point name = "center" x = "5.500000" y = "-5.500000" z = "-0.0" />
    <Point name = "radius" value = "0.45" />
    <ref name = "bsdf" value = "matWhite" />
  </Shape>

  <Shape type = "Sphere">
    <Point name = "center" x = "-5.500000" y = "-4.500000" z = "-0.0" />
    <Point name = "radius" value = "0.45" />
    <ref name = "bsdf" value = "matWhite" />
  </Shape>

  <Shape type = "Sphere">
    <Point name = "center" x = "-3.500000" y = "-4.500000" z = "-0.0" />
    <Point name = "radius" value = "0.45" />
    <ref name = "bsdf" value = "matWhite" />
  </Shape>

  <Shape type = "Sphere">
    <Point name = "center" x = "-1.500000" y = "-4.500000" z = "-0.0" />
    <Point name = "radius" value = "0.45" />
    <ref name = "bsdf" value = "matWhite" />
  </Shape>

  <Shape type = "Sphere">
    <Point name = "center" x = "0.500000" y = "-4.500000" z = "-0.0" />
    <Point name = "radius" value = "0.45" />
    <ref name = "bsdf" value = "matWhite" />
  </Shape>

  <Shape type = "Sphere">
    <Point name = "center" x = "2.500000" y = "-4.500000" z = "-0.0" />
    <Point name = "radius" value = "0.45" />
    <ref name = "bsdf" value = "matWhite" />
  </Shape>

  <Shape type = "Sphere">
    <Point name = "center" x = "4.500000" y = "-4.500000" z = "-0.0" />
    <Point name = "radius" value = "0.45" />
    <ref name = "bsdf" value = "matWhite" />
  </Shape>

  <Shape type = "Sphere">
    <Point name = "center" x = "6.500000" y = "-4.500000" z = "-0.0" />
    <Point name = "radius" value = "0.45" />
    <ref name = "bsdf" value = "matWhite" />
  </Shape>

  <Shape type = "Sphere">
    <Point name = "center" x = "-6.500000" y = "-3.500000" z = "-0.0" />
    <Point name = "radius" value = "0.45" />
    <ref name = "bsdf" value = "matWhite" />
  </Shape>

  <Shape type = "Sphere">
    <Point name = "center" x = "-4.500000" y = "-3.500000" z = "-0.0" />
    <Point name = "radius" value = "0.45" />
    <ref name = "bsdf" value = "matWhite" />
  </Shape>

  <Shape type = "Sphere">
    <Point name = "center" x = "-2.500000" y = "-3.500000" z = "-0.0" />
    <Point name = "radius" value = "0.45" />
    <ref name = "bsdf" value = "matWhite" />
  </Shape>

  <Shape type = "Sphere">
    <Point name = "center" x = "-0.500000" y = "-3.500000" z = "-0.0" />
    <Point name = "radius" value = "0.45" />
    <ref name = "bsdf" value = "matWhite" />
  </Shape>

  <Shape type = "Sphere">
    <Point name = "center" x = "1.500000" y = "-3.500000" z = "-0.0" />
    <Point name = "radius" value = "0.45" />
    <ref name = "bsdf" value = "matWhite" />
  </Shape>

  <Shape type = "Sphere">
    <Point name = "center" x = "3.500000" y = "-3.500000" z = "-0.0" />
    <Point name = "radius" value = "0.45" />
    <ref name = "bsdf" value = "matWhite" />
  </Shape>

  <Shape type = "Sphere">
    <Point name = "center" x = "5.500000" y = "-3.500000" z = "-0.0" />
    <Point name = "radius" value = "0.45" />
    <ref name = "bsdf" value = "matWhite" />
  </Shape>

  <Shape type = "Sphere">
    <Point name = "center" x = "-5.500000" y = "-2.500000" z = "-0.0" />
    <Point name = "radius" value = "0.45" />
    <ref name = "bsdf" value = "matWhite" />
  </Shape>

  <Shape type = "Sphere">
    <Point name = "center" x = "-3.500000" y = "-2.500000" z = "-0.0" />
    <Point name = "radius" value = "0.45" />
    <ref name = "bsdf" value = "matWhite" />
  </Shape>

  <Shape type = "Sphere">
    <Point name = "center" x = "-1.500000" y = "-2.500000" z = "-0.0" />
    <Point name = "radius" value = "0.45" />
    <ref name = "bsdf" value = "matWhite" />
  </Shape>

  <Shape type = "Sphere">
    <Point name = "center" x = "0.500000" y = "-2.500000" z = "-0.0" />
    <Point name = "radius" value = "0.45" />
    <ref name = "bsdf" value = "matWhite" />
  </Shape>

  <Shape type = "Sphere">
    <Point name = "center" x = "2.500000" y = "-2.500000" z = "-0.0" />
    <Point name = "radius" value = "0.45" />
    <ref name = "bsdf" value = "matWhite" />
  </Shape>

  <Shape type = "Sphere">
    <Point name = "center" x = "4.500000" y = "-2.500000" z = "-0.0" />
    <Point name = "radius" value = "0.45" />
    <ref name = "bsdf" value = "matWhite" />
  </Shape>

  <Shape type = "Sphere">
    <Point name = "center" x = "6.500000" y = "-2.500000" z = "-0.0" />
    <Point name = "radius" value = "0.45" />
    <ref name = "bsdf" value = "matWhite" />
  </Shape>

  <Shape type = "Sphere">
    <Point name = "center" x = "-6.500000" y = "-1.500000" z = "-0.0" />
    <Point name = "radius" value = "0.45" />
    <ref name = "bsdf" value = "matWhite" />
  </Shape>

  <Shape type = "Sphere">
    <Point name = "center" x = "-4.500000" y = "-1.500000" z = "-0.0" />
    <Point name = "radius" value = "0.45" />
    <ref name = "bsdf" value = "matWhite" />
  </Shape>

  <Shape type = "Sphere">
    <Point name = "center" x = "-2.500000" y = "-1.500000" z = "-0.0" />
    <Point name = "radius" value = "0.45" />
    <ref name = "bsdf" value = "matWhite" />
  </Shape>

  <Shape type = "Sphere">
    <Point name = "center" x = "-0.500000" y = "-1.500000" z = "-0.0" />
    <Point name = "radius" value = "0.45" />
    <ref name = "bsdf" value = "matWhite" />
  </Shape>

  <Shape type = "Sphere">
    <Point name = "center" x = "1.500000" y = "-1.500000" z = "-0.0" />
    <Point name = "radius" value = "0.45" />
    <ref name = "bsdf" value = "matWhite" />
  </Shape>

  <Shape type = "Sphere">
    <Point name = "center" x = "3.500000" y = "-1.500000" z = "-0.0" />
    <Point name = "radius" value = "0.45" />
    <ref name = "bsdf" value = "matWhite" />
  </Shape>

  <Shape type = "Sphere">
    <Point name = "center" x = "5.500000" y = "-1.500000" z = "-0.0" />
    <Point name = "radius" value = "0.45" />
    <ref name = "bsdf" value = "matWhite" />
  </Shape>

  <Shape type = "Sphere">
    <Point name = "center" x = "-5.500000" y = "-0.500000" z = "-0.0" />
    <Point name = "radius" value = "0.45" />
    <ref name = "bsdf" value = "matWhite" />
  </Shape>

  <Shape type = "Sphere">
    <Point name = "center" x = "-3.500000" y = "-0.500000" z = "-0.0" />
    <Point name = "radius" value = "0.45" />
    <ref name = "bsdf" value = "matWhite" />
  </Shape>

  <Shape type = "Sphere">
    <Point name = "center" x = "-1.500000" y = "-0.500000" z = "-0.0" />
    <Point name = "radius" value = "0.45" />
    <ref name = "bsdf" value = "matWhite" />
  </Shape>

  <Shape type = "Sphere">
    <Point name = "center" x = "0.500000" y = "-0.500000" z = "-0.0" />
    <Point name = "radius" value = "0.45" />
    <ref name = "bsdf" value = "matWhite" />
  </Shape>

  <Shape type = "Sphere">
    <Point name = "center" x = "2.500000" y = "-0.500000" z = "-0.0" />
    <Point name = "radius" value = "0.45" />
    <ref name = "bsdf" value = "matWhite" />
  </Shape>

  <Shape type = "Sphere">
    <Point name = "center" x = "4.500000" y = "-0.500000" z = "-0.0" />
    <Point name = "radius" value = "0.45" />
    <ref name = "bsdf" value = "matWhite" />
  </Shape>

  <Shape type = "Sphere">
    <Point name = "center" x = "6.500000" y = "-0.500000" z = "-0.0" />
    <Point name = "radius" value = "0.45" />
    <ref name = "bsdf" value = "matWhite" />
  </Shape>

  <Shape type = "Sphere">
    <Point name = "center" x = "-6.500000" y = "0.500000" z = "-0.0" />
    <Point name = "radius" value = "0.45" />
    <ref name = "bsdf" value = "matWhite" />
  </Shape>

  <Shape type = "Sphere">
    <Point name = "center" x = "-4.500000" y = "0.500000" z = "-0.0" />
    <Point name = "radius" value = "0.45" />
    <ref name = "bsdf" value = "matWhite" />
  </Shape>

  <Shape type = "Sphere">
    <Point name = "center" x = "-2.500000" y = "0.500000" z = "-0.0" />
    <Point name = "radius" value = "0.45" />
    <ref name = "bsdf" value = "matWhite" />
  </Shape>

  <Shape type = "Sphere">
    <Point name = "center" x = "-0.500000" y = "0.500000" z = "-0.0" />
    <Point name = "radius" value = "0.45" />
    <ref name = "bsdf" value = "matWhite" />
  </Shape>

  <Shape type = "Sphere">
    <Point name = "center" x = "1.500000" y = "0.500000" z = "-0.0" />
    <Point name = "radius" value = "0.45" />
    <ref name = "bsdf" value = "matWhite" />
  </Shape>

  <Shape type = "Sphere">
    <Point name = "center" x = "3.500000" y = "0.500000" z = "-0.0" />
    <Point name = "radius" value = "0.45" />
    <ref name = "bsdf" value = "matWhite" />
  </Shape>

  <Shape type = "Sphere">
    <Point name = "center" x = "5.500000" y = "0.500000" z = "-0.0" />
    <Point name = "radius" value = "0.45" />
    <ref name = "bsdf" value = "matWhite" />
  </Shape>

  <Shape type = "Sphere">
    <Point name = "center" x = "-5.500000" y = "1.500000" z = "-0.0" />
    <Point name = "radius" value = "0.45" />
    <ref name = "bsdf" value = "matWhite" />
  </Shape>

  <Shape type = "Sphere">
    <Point name = "center" x = "-3.500000" y = "1.500000" z = "-0.0" />
    <Point name = "radius" value = "0.45" />
    <ref name = "bsdf" value = "matWhite" />
  </Shape>

  <Shape type = "Sphere">
    <Point name = "center" x = "-1.500000" y = "1.500000" z = "-0.0" />
    <Point name = "radius" value = "0.45" />
    <ref name = "bsdf" value = "matWhite" />
  </Shape>

  <Shape type = "Sphere">
    <Point name = "center" x = "0.500000" y = "1.500000" z = "-0.0" />
    <Point name = "radius" value = "0.45" />
    <ref name = "bsdf" value = "matWhite" />
  </Shape>

  <Shape type = "Sphere">
    <Point name = "center" x = "2.500000" y = "1.500000" z = "-0.0" />
    <Point name = "radius" value = "0.45" />
    <ref name = "bsdf" value = "matWhite" />
  </Shape>

  <Shape type = "Sphere">
    <Point name = "center" x = "4.500000" y = "1.500000" z = "-0.0" />
    <Point name = "radius" value = "0.45" />
    <ref name = "bsdf" value = "matWhite" />
  </Shape>

  <Shape type = "Sphere">
    <Point name = "center" x = "6.500000" y = "1.500000" z = "-0.0" />
    <Point name = "radius" value = "0.45" />
    <ref name = "bsdf" value = "matWhite" />
  </Shape>

  <Shape type = "Sphere">
    <Point name = "center" x = "-6.500000" y = "2.500000" z = "-0.0" />
    <Point name = "radius" value = "0.45" />
    <ref name = "bsdf" value = "matWhite" />
  </Shape>

  <Shape type = "Sphere">
    <Point name = "center" x = "-4.500000" y = "2.500000" z = "-0.0" />
    <Point name = "radius" value = "0.45" />
    <ref name = "bsdf" value = "matWhite" />
  </Shape>

  <Shape type = "Sphere">
    <Point name = "center" x = "-2.500000" y = "2.500000" z = "-0.0" />
    <Point name = "radius" value = "0.45" />
    <ref name = "bsdf" value = "matWhite" />
  </Shape>

  <Shape type = "Sphere">
    <Point name = "center" x = "-0.500000" y = "2.500000" z = "-0.0" />
    <Point name = "radius" value = "0.45" />
    <ref name = "bsdf" value = "matWhite" />
  </Shape>

  <Shape type = "Sphere">
    <Point name = "center" x = "1.500000" y = "2.500000" z = "-0.0" />
    <Point name = "radius" value = "0.45" />
    <ref name = "bsdf" value = "matWhite" />
  </Shape>

  <Shape type = "Sphere">
    <Point name = "center" x = "3.500000" y = "2.500000" z = "-0.0" />
    <Point name = "radius" value = "0.45" />
    <ref name = "bsdf" value = "matWhite" />
  </Shape>

  <Shape type = "Sphere">
    <Point name = "center" x = "5.500000" y = "2.500000" z = "-0.0" />
    <Point name = "radius" value = "0.45" />
    <ref name = "bsdf" value = "matWhite" />
  </Shape>

  <Shape type = "Sphere">
    <Point name = "center" x = "-5.500000" y = "3.500000" z = "-0.0" />
    <Point name = "radius" value = "0.45" />
    <ref name = "bsdf" value = "matWhite" />
  </Shape>

  <Shape type = "Sphere">
    <Point name = "center" x = "-3.500000" y = "3.500000" z = "-0.0" />
    <Point name = "radius" value = "0.45" />
    <ref name = "bsdf" value = "matWhite" />
  </Shape>

  <Shape type = "Sphere">
    <Point name = "center" x = "-1.500000" y = "3.500000" z = "-0.0" />
    <Point name = "radius" value = "0.45" />
    <ref name = "bsdf" value = "matWhite" />
  </Shape>

  <Shape type = "Sphere">
    <Point name = "center" x = "0.500000" y = "3.500000" z = "-0.0" />
    <Point name = "radius" value = "0.45" />
    <ref name = "bsdf" value = "matWhite" />
  </Shape>

  <Shape type = "Sphere">
    <Point name = "center" x = "2.500000" y = "3.500000" z = "-0.0" />
    <Point name = "radius" value = "0.45" />
    <ref name = "bsdf" value = "matWhite" />
  </Shape>

  <Shape type = "Sphere">
    <Point name = "center" x = "4.500000" y = "3.500000" z = "-0.0" />
    <Point name = "radius" value = "0.45" />
    <ref name = "bsdf" value = "matWhite" />
  </Shape>

  <Shape type = "Sphere">
    <Point name = "center" x = "6.500000" y = "3.500000" z = "-0.0" />
    <Point name = "radius" value = "0.45" />
    <ref name = "bsdf" value = "matWhite" />
  </Shape>

  <Shape type = "Sphere">
    <Point name = "center" x = "-6.500000" y = "4.500000" z = "-0.0" />
    <Point name = "radius" value = "0.45" />
    <ref name = "bsdf" value = "matWhite" />
  </Shape>

  <Shape type = "Sphere">
    <Point name = "center" x = "-4.500000" y = "4.500000" z = "-0.0" />
    <Point name = "radius" value = "0.45" />
    <ref name = "bsdf" value = "matWhite" />
  </Shape>

  <Shape type = "Sphere">
    <Point name = "center" x = "-2.500000" y = "4.500000" z = "-0.0" />
    <Point name = "radius" value = "0.45" />
    <ref name = "bsdf" value = "matWhite" />
  </Shape>

  <Shape type = "Sphere">
    <Point name = "center" x = "-0.500000" y = "4.500000" z = "-0.0" />
    <Point name = "radius" value = "0.45" />
    <ref name = "bsdf" value = "matWhite" />
  </Shape>

  <Shape type = "Sphere">
    <Point name = "center" x = "1.500000" y = "4.500000" z = "-0.0" />
    <Point name = "radius" value = "0.45" />
    <ref name = "bsdf" value = "matWhite" />
  </Shape>

  <Shape type = "Sphere">
    <Point name = "center" x = "3.500000" y = "4.500000" z = "-0.0" />
    <Point name = "radius" value = "0.45" />
    <ref name = "bsdf" value = "matWhite" />
  </Shape>

  <Shape type = "Sphere">
    <Point name = "center" x = "5.500000" y = "4.500000" z = "-0.0" />
    <Point name = "radius" value = "0.45" />
    <ref name = "bsdf" value = "matWhite" />
  </Shape>

  <Shape type = "Sphere">
    <Point name = "center" x = "-5.500000" y = "5.500000" z = "-0.0" />
    <Point name = "radius" value = "0.45" />
    <ref name = "bsdf" value = "matWhite" />
  </Shape>

  <Shape type = "Sphere">
    <Point name = "center" x = "-3.500000" y = "5.500000" z = "-0.0" />
    <Point name = "radius" value = "0.45" />
    <ref name = "bsdf" value = "matWhite" />
  </Shape>

  <Shape type = "Sphere">
    <Point name = "center" x = "-1.500000" y = "5.500000" z = "-0.0" />
    <Point name = "radius" value = "0.45" />
    <ref name = "bsdf" value = "matWhite" />
  </Shape>

  <Shape type = "Sphere">
    <Point name = "center" x = "0.500000" y = "5.500000" z = "-0.0" />
    <Point name = "radius" value = "0.45" />
    <ref name = "bsdf" value = "matWhite" />
  </Shape>

  <Shape type = "Sphere">
    <Point name = "center" x = "2.500000" y = "5.500000" z = "-0.0" />
    <Point name = "radius" value = "0.45" />
    <ref name = "bsdf" value = "matWhite" />
  </Shape>

  <Shape type = "Sphere">
    <Point name = "center" x = "4.500000" y = "5.500000" z = "-0.0" />
    <Point name = "radius" value = "0.45" />
    <ref name = "bsdf" value = "matWhite" />
  </Shape>

  <Shape type = "Sphere">
    <Point name = "center" x = "6.500000" y = "5.500000" z = "-0.0" />
    <Point name = "radius" value = "0.45" />
    <ref name = "bsdf" value = "matWhite" />
  </Shape>

  <Shape type = "Sphere">
    <Point name = "center" x = "-6.500000" y = "6.500000" z = "-0.0" />
    <Point name = "radius" value = "0.45" />
    <ref name = "bsdf" value = "matWhite" />
  </Shape>

  <Shape type = "Sphere">
    <Point name = "center" x = "-4.500000" y = "6.500000" z = "-0.0" />
    <Point name = "radius" value = "0.45" />
    <ref name = "bsdf" value = "matWhite" />
  </Shape>

  <Shape type = "Sphere">
    <Point name = "center" x = "-2.500000" y = "6.500000" z = "-0.0" />
    <Point name = "radius" value = "0.45" />
    <ref name = "bsdf" value = "matWhite" />
  </Shape>

  <Shape type = "Sphere">
    <Point name = "center" x = "-0.500000" y = "6.500000" z = "-0.0" />
    <Point name = "radius" value = "0.45" />
    <ref name = "bsdf" value = "matWhite" />
  </Shape>

  <Shape type = "Sphere">
    <Point name = "center" x = "1.500000" y = "6.500000" z = "-0.0" />
    <Point name = "radius" value = "0.45" />
    <ref name = "bsdf" value = "matWhite" />
  </Shape>

  <Shape type = "Sphere">
    <Point name = "center" x = "3.500000" y = "6.500000" z = "-0.0" />
    <Point name = "radius" value = "0.45" />
    <ref name = "bsdf" value = "matWhite" />
  </Shape>

  <Shape type = "Sphere">
    <Point name = "center" x = "5.500000" y = "6.500000" z = "-0.0" />
    <Point name = "radius" value = "0.45" />
    <ref name = "bsdf" value = "matWhite" />
  </Shape>


</scene>
